<?xml version="1.0" encoding="utf-8"?>
<extension type="module" version="3.9.0" client="site" method="upgrade">
    <name>Church Calendar</name>
    <author>Ulrich Rueth</author>
	 <authorEmail>code@rueth.info</authorEmail>
	 <authorUrl>http://www.rueth.info</authorUrl>
	 <copyright>Copyright 2018 Ulrich Rueth</copyright>
	 <license>Code released under the [GNU GPL 3.0]
		(https://github.com/UlricusR/joomla-churchcal/blob/master/LICENSE) license.
	 </license>
	 <version>1.2.0</version>
	 <updateservers>
			<server type="extension" name="Church Calendar" priority="1">https://rueth.info/churchcal_update.xml</server>
	 </updateservers>
    <description>MOD_CHURCHCAL_DESC</description>
    <files>
        <filename>mod_churchcal.xml</filename>
        <filename module="mod_churchcal">mod_churchcal.php</filename>
        <filename>index.html</filename>
        <filename>helper.php</filename>
        <filename>tmpl/default.php</filename>
        <filename>tmpl/index.html</filename>
    </files>
    <scriptfile>script.php</scriptfile>
    <config>
	    <fields name="params">
	    	<fieldset name="basic">
	    		<field
	    			name="calurl"
	    			type="URL"
	    			required="true"
	    			label="MOD_CHURCHCAL_FIELD_CATURL"
	    			description="MOD_CHURCHCAL_FIELD_CATURL_DESC" />
	    		<field
	    			name="calids"
	    			type="text"
	    			required="true"
	    			label="MOD_CHURCHCAL_FIELD_CATIDS"
	    			description="MOD_CHURCHCAL_FIELD_CATIDS_DESC"
	    			pattern="[0-9]+([,][0-9]+)*" />
	    		<field
	    			name="calfrom"
	    			type="text"
	    			required="true"
	    			label="MOD_CHURCHCAL_FIELD_CALFROM"
	    			default="0"
	    			hint="0"
	    			description="MOD_CHURCHCAL_FIELD_CALFROM_DESC"
	    			pattern="[0-9]+" />
	    		<field
	    			name="calto"
	    			type="text"
	    			required="true"
	    			label="MOD_CHURCHCAL_FIELD_CALTO"
	    			default="14"
	    			hint="14"
	    			description="MOD_CHURCHCAL_FIELD_CALTO_DESC"
	    			pattern="[0-9]+" />
	    		<field
	    			name="calsorting"
	    			type="list"
	    			required="true"
	    			default="0"
	    			label="MOD_CHURCHCAL_FIELD_CALSORTING"
					description="MOD_CHURCHCAL_FIELD_CALSORTING_DESC">
					<option value="0">MOD_CHURCHCAL_FIELD_CALSORTING_ASCENDING</option>
					<option value="1">MOD_CHURCHCAL_FIELD_CALSORTING_DESCENDING</option>
				</field>
				<field
					name="caldisplayweekday"
					type="radio"
	    			required="true"
					label="MOD_CHURCHCAL_FIELD_CALDISPLAYWEEKDAY"
					default="1"
					description="MOD_CHURCHCAL_FIELD_CALDISPLAYWEEKDAY_DESC">
					<option value="1">JYES</option>
					<option value="0">JNO</option>
				</field>
				<field
					name="calweekdayformat"
					type="radio"
	    			required="true"
					label="MOD_CHURCHCAL_FIELD_CALWEEKDAYFORMAT"
					showon="caldisplayweekday:1"
					default="long"
					description="MOD_CHURCHCAL_FIELD_CALWEEKDAYFORMAT_DESC">
					<option value="long">MOD_CHURCHCAL_FIELD_CALWEEKDAYFORMAT_LONG</option>
					<option value="short">MOD_CHURCHCAL_FIELD_CALWEEKDAYFORMAT_SHORT</option>
				</field>
				<field
					name="caluserlanguage"
					type="text"
					label="MOD_CHURCHCAL_FIELD_CALUSERLANGUAGE"
					showon="caldisplayweekday:1"
	    			hint="e.g.: en-GB, de-DE"
	    			description="MOD_CHURCHCAL_FIELD_CALUSERLANGUAGE_DESC" />
				<field
					name="calweekdayseparator"
					type="text"
	    			required="true"
					label="MOD_CHURCHCAL_FIELD_CALWEEKDAYSEPARATOR"
					class="btn-group"
					showon="caldisplayweekday:1"
	    			default=", "
	    			hint=", "
	    			description="MOD_CHURCHCAL_FIELD_CALWEEKDAYSEPARATOR_DESC" />
	    		<field
	    			name="caldateformat"
					type="text"
	    			required="true"
					label="MOD_CHURCHCAL_FIELD_CALDATEFORMAT"
	    			default="j.n.y"
	    			hint="j.n.y"
	    			description="MOD_CHURCHCAL_FIELD_CALDATEFORMAT_DESC" />
	    		<field
	    			name="caltimeformat"
					type="text"
	    			required="true"
					label="MOD_CHURCHCAL_FIELD_CALTIMEFORMAT"
	    			default="G:i"
	    			hint="G:i"
	    			description="MOD_CHURCHCAL_FIELD_CALTIMEFORMAT_DESC" />
				<field
					name="calstarttimeseparator"
					type="text"
	    			required="true"
					label="MOD_CHURCHCAL_FIELD_CALSTARTTIMESEPARATOR"
					default=", "
	    			hint=", "
	    			description="MOD_CHURCHCAL_FIELD_CALSTARTTIMESEPARATOR_DESC" />
				<field
					name="caldisplayendtime"
					type="radio"
	    			required="true"
					label="MOD_CHURCHCAL_FIELD_CALDISPLAYENDTIME"
					default="0"
					description="MOD_CHURCHCAL_FIELD_CALDISPLAYENDTIME_DESC">
					<option value="1">JYES</option>
					<option value="0">JNO</option>
				</field>
				<field
					name="calendtimeseparator"
					type="text"
	    			required="true"
					label="MOD_CHURCHCAL_FIELD_CALENDTIMESEPARATOR"
					showon="caldisplayendtime:1"
					default="-"
	    			hint="-"
	    			description="MOD_CHURCHCAL_FIELD_CALENDTIMESEPARATOR_DESC" />
				<field
					name="caldescriptionseparator"
					type="text"
	    			required="true"
					label="MOD_CHURCHCAL_FIELD_CALDESCRIPTIONSEPARATOR"
					default=": "
	    			hint=": "
	    			description="MOD_CHURCHCAL_FIELD_CALDESCRIPTIONSEPARATOR_DESC" />
				<field
					name="calbreakbeforedescription"
					type="radio"
	    			required="true"
					label="MOD_CHURCHCAL_FIELD_CALBREAKBEFOREDESCRIPTION"
					default="0"
					description="MOD_CHURCHCAL_FIELD_CALBREAKBEFOREDESCRIPTION_DESC">
					<option value="1">JYES</option>
					<option value="0">JNO</option>
				</field>
	    	</fieldset>
			<fieldset name="advanced">
				<field
					name="moduleclass_sfx"
					type="textarea"
					label="COM_MODULES_FIELD_MODULECLASS_SFX_LABEL"
					description="COM_MODULES_FIELD_MODULECLASS_SFX_DESC"
					rows="3" />
			</fieldset>
	    </fields>
    </config>
	<languages folder="language">
		<language tag="en-GB">en-GB/en-GB.mod_churchcal.ini</language>
		<!--<language tag="en-GB">en-GB/en-GB.mod_churchcal.sys.ini</language>-->
		<language tag="de-DE">de-DE/de-DE.mod_churchcal.ini</language>
		<!--<language tag="de-DE">de-DE/de-DE.mod_churchcal.sys.ini</language>-->
	</languages>
</extension>